Description,Price
"Swanson, Pterostilbene, 50 mg , 30 Veggie Caps",17.64ლ
"NaturesPlus, Animal Parade, Children's Chewable Multivitamin, Assorted, 90 Animal-Shaped Tablets",32.48ლ
"NaturesPlus, Children's, Animal Parade Multivitamin, Watermelon, 90 Animal-Shaped Tablets",32.48ლ
"Swanson, Omega-7 Oil from Sea Buckthorn Oil, 450 mg , 30 Liquid Caps",23.33ლ
"NOW Foods, Ginkgo Biloba, 60 mg, 60 Veg Capsules",17.02ლ
"EVLution Nutrition, ENGN, Pre-Workout Engine, Pink Starblast, 9.6 oz (273 g)",44.56ლ
"Swanson, Resveratrol, 500 mg, 30 Capsules",48.51ლ
"Azo, Urinary Tract Defense, Antibacterial Protection, 24 Tablets",37.76ლ
"Swanson, P-5-P, Double Strength, 40 mg Per Capsule, 60 Capsules",15.38ლ
"Swanson, Ginkgo with Vinpocetine, Standardized, 60 Capsules",19.77ლ
"NutraChamps, D3 + K2 Liquid Drops, Unflavored, 2 fl oz (60 ml)",44.93ლ
"EVLution Nutrition, Pump Mode, Blue Raz, 3 Sticks, 0.3 oz (9.2 g) Each",7.31ლ
"NutraChamps, Digestive Enzymes with Prebiotics & Probiotics, 180 Veggie Capsules",56.48ლ
"Quality of Life Labs, Oligoderm with Oligonol and Niacinamide, 60 VegiCaps",83.55ლ
"Doctor's Finest, Kids Probiotic with Prebiotic Fiber, Berry, 5 Billion CFU, 120 Chewable Tablets",42.65ლ
"Zahler, Junior D3, Advanced Vitamin D3 Formula, Orange, 25 mcg (1,000 IU), 120 Chewable Tablets",35.99ლ
"Swanson, Pantesin Pantethine, 60 Softgels",40.46ლ
"Zahler, B12 Energizer+, Advanced B12 Formula, Natural Cherry, 5,000 mcg, 120 Lozenges",76.26ლ
"Swanson, Green Coffee Bean Extract, 60 Veggie Caps",39.01ლ
"Deva, Vegan Tributyrin, 500 mg , 90 Vegan Caps",58.71ლ
"NaturesPlus, Quercetin Plus, 60 Tablets",35.40ლ
"Codeage, Bone Broth Collagen, 180 Capsules",83.35ლ
"FITCODE, Apple Cider Vinegar, 60 Veggie Capsules",24.10ლ
"Live Conscious, Collagen Peptides, Unflavored, 7.8 oz (220 g)",76.62ლ
"Gaia Herbs, Ashwagandha, 81 Gummies",62.65ლ
"NutraChamps, Multi, Perfect Women's Multivitamin, Raspberry , 120 Vitamin Gummies",40.48ლ
"NATURELO, One Daily Multivitamin for Men, 240 Vegetarian Capsules",176.30ლ
"NaturesPlus, Cal/Mag/Vit D3 with Vitamin K2, 90 Tablets",38.66ლ
"Perfect Sports, iPrep, Advanced Pre-Workout, Orange Gummy Bears, 10.6 oz (300 g)",43.32ლ
"Swanson, Plant Based Omega-3, 120 Veggie Capsules",146.65ლ
"NOW Foods, CoQ10, 60 mg, 60 Softgels",34.25ლ
"NaturesPlus, Calcium, 600 mg, 90 Tablets",37.89ლ
"Mason Natural, Whole Herb Korean Ginseng , 1,000 mg , 60 Tablets",18.51ლ
"Zahler, Vitamin D3, Advanced D3 Formula, 250 mcg (10,000 IU), 250 Softgels",92.90ლ
"Mason Natural, Whole Herb Valerian, 500 mg, 60 Capsules",14.99ლ
"NB Pure, Methyl Folate, 1 fl oz",38.48ლ
"NaturesPlus, Children's Animal Parade Gold Multivitamin Liquid, Tropical Berry, 16 fl oz (473.18 ml)",48.81ლ
"Fungi Perfecti Host Defense, Mushrooms, Reishi, 30 Capsules",48.45ლ
"Protocol for Life Balance, PQQ, Extra Strength, 40 mg, 50 Veg Capsules",90.46ლ
"NOW Foods, Sports, Organic MCT Oil, 16 fl oz (473 ml)",56.02ლ
"NATURELO, One Daily Multivitamin, For Women, 240 Vegetarian Capsules",176.46ლ
"Doctor's Finest, Magnesium, Raspberry & Peach, 83 mg, 90 Gummies",41.85ლ
"NaturesPlus, Magnesium Citrate, Raspberry, 35 mg, 75 Gummies",39.38ლ
"Suncore Foods, Organic Raw Black Chia Seeds, 15 oz (425 g)",37.71ლ
"ALLMAX, ACUTS,  Amino-Charged Energy, Watermelon, 7.4 oz (210 g)",54.68ლ
"Swanson, St. John's Wort with Chamomile and Bacopa, 60 Capsules",13.22ლ
"NutraChamps, Saw Palmetto, 120 Small Capsules",44.64ლ
"Perfect Sports, iPrep, Advanced Pre-Workout, Fruit Punch Candy, 10.6 oz (300 g)",43.45ლ
"Dr. Mercola, Liposomal Glutathione, 175 mg, 60 Capsules",124.52ლ
"Renew Life, Women's Care Probiotic, 60 Vegetarian Capsules",234.84ლ
"Swanson, Teavigo Green Tea Extract , 150 mg , 30 Veggie Caps",33.05ლ
"Thorne, Beta Alanine-SR, 120 Tablets",124.03ლ
"Animal, Fury, Green Apple, 1.12 lb (507 g)",118.56ლ
"Nature's Way, Umcka, ColdCare Kids, FastActives, For Ages 6 and Up,  Cherry, 10 Powder Packets",29.04ლ
"Protocol for Life Balance, Cardio Tri-Plex, 120 Softgels",74.23ლ
"Protocol for Life Balance, Glutathione, 500 mg, 60 Veg Capsules",80.19ლ
"New Chapter, Elderberry Force, 60 Vegan Capsules",147.94ლ
"NutraChamps, Melatonin Liquid Drops, Natural Berry, 1.52 oz (45 ml)",44.84ლ
"Nature's Truth, Liposomal Vitamin C, Advanced Formula, 550 mg, 60 Quick Release Softgels",39.60ლ
"Garden of Life, Vitamin Code Gummies, Vitamins D3 & K2, Raspberry Lemon, 45 Gummies",52.80ლ
"Deva, Vegan Black Cumin Seed Oil, 90 Vegan Caps",35.40ლ
"Thorne, Prenatal DHA, 60 Gelcaps",74.52ლ
"MRM Nutrition, CoQ-10 Resveratrol Red Yeast Rice, 60 Softgels",51.21ლ
"NutraChamps, Ashwagandha, Extra Strength, 666 mg, 90 Vegan Capsules",42.46ლ
"Deva, Vegan Organic Ginkgo Biloba, 90 Tablets",21.28ლ
"Zahler, BioDophilus25, Advanced Probiotic Formula, 60 Capsules",79.87ლ
"Irwin Naturals, 2-In-1 Cleanse & Flush Weight Loss Support, 60 Liquid Soft-Gels",61.59ლ
"Nature's Way, Sambucus Elderberry, Immune Support, 1,600 mg, 100 Gummies",81.43ლ
"Fungies, Lion's Mane Mushroom Gummies, Blueberry and Strawberry, 60 Pectin Gummies",50.04ლ
"Mommy's Bliss, Reset My Body, Postnatal Support, Natural Lemon, 60 Gummies",60.63ლ
"Nature's Way, Brain Fuel, Grape, 60 Gummies",44.47ლ
"MRM Nutrition, Organic Pre-Workout, Black Cherry, 8.5 oz (240 g)",61.01ლ
"Swanson, Whole Garlic, 700 mg, 60 Veggie Capsules",17.66ლ
"Zahler, Vitamin D3, Advanced D3 Formula, 50 mcg (2,000 IU), 120 Softgels",31.77ლ
"Zahler, Omega 3 Platinum+D, Advanced Omega 3 Fish Oil + Vitamin D3, 1,000 mg, 180 Softgels",150.96ლ
"MegaFood, Women's One Daily MultiVitamin, 90 Tablets",127.85ლ
"MRM Nutrition, Matcha Green Tea, 60 Vegan Capsules",19.88ლ
"Healths Harmony, Adrenal Health & Balance, 60 Capsules",43.75ლ
"NutraChamps, L-Theanine, 200 mg, 60 Veggie Capsules",37.67ლ
"Nature's Truth, Biotin, 10,000 mcg, 100 Rapid Release Liquid Softgels",43.70ლ
"Zahler, Methylfolate, 120 Capsules",81.68ლ
"EVLution Nutrition, RPM, Pre-Workout, Sample Pack, Blue Raz, 3 Stickpacks, 0.67 oz (18.9 g)",7.90ლ
"NaturesPlus, Source of Life Prenatal, 90 Tablets",45.12ლ
"NaturesPlus, Animal Parade Children's Multivitamin Gummies, Assorted, 50 Animal-Shaped Gummies",53.52ლ
"Codeage, Liposomal CoQ10, 60 Capsules",81.61ლ
"Force Factor, Test X180 Alpha V2, 120 Tablets",131.17ლ
"Mason Natural, Calcium 600 + Vitamin D3, 100 Tablets",19.67ლ
"New Nordic US Inc, Active Liver Vegan Gummies, Peach and Mango, 60 Gummies",66.74ლ
"Zahler, Kidophilus, Probiotic for Children, Fruit Punch, 4 fl oz (118 ml)",55.47ლ
"Zahler, Milk Thistle, Silybum Marianum, 60 Capsules",42.09ლ
"Nature's Way, Biotin Forte, 60 Tablets",37.78ლ
"Animal, Cuts NS Non-Stim Powder, Blue Ice Pop, 8 oz (226.8 g)",135.74ლ
"Perfect Sports, iLean, Fruit Punch Candy, 5.3 oz (150 g)",34.17ლ
"NaturesPlus, Zinc, 30 mg, 90 Tablets",19.45ლ
"NaturesPlus, Maximum Strength, Ultra-Zyme, 90 Tablets",40.81ლ
"Asutra, Melt Away Pain, Magnesium Body Butter, 7 oz. (200 g)",63.39ლ
"Nutrex Research, Black Series, Caffeine 200, 60 Capsules",27.15ლ
"FITCODE, FlexCode, 60 Capsules",30.31ლ
"MRM Nutrition, Digest-All, 30 Capsules",16.40ლ
"Deva, Vegan Hyaluronic Acid , 100 mg , 90 Tablets",69.89ლ
"Nutrex Research, Lipo-6 CLA, 90 Softgels",45.35ლ
"Protocol for Life Balance, L-Tryptophan, 500 mg, 60 Veg Capsules",40.61ლ
"Animal, Cuts NS Non-Stim Powder, Fruit Punch, 8.1 oz (231 g)",135.81ლ
"Garden of Life, Vitamin Code Gummies, CoQ10, Strawberry, 150 mg, 60 Gummies",51.75ლ
"Mommy's Bliss, Postnatal Support, Lactation + Probiotics, 60 Capsules",58.49ლ
"Mommy's Bliss, Baby Probiotic Drops, Age Newborn +, Flavorless, 0.51 fl oz (15 ml)",79.34ლ
"Swanson, Emulsified Cod Liver Oil, Mint, 16 fl oz (473 ml)",49.91ლ
"NaturesPlus, Chewable Papaya Enzyme Supplement, 180 Tablets",19.77ლ
"Mason Natural, Body, Hair, Skin & Nails, 60 Capsules",22.26ლ
"Zahler, Junior C, Advanced Chewable Vitamin C, Natural Orange, 250 mg, 180 Chewable Tablets",55.44ლ
"Zahler, AccuVision, Advanced Eye Health Formula, 120 Capsules",77.76ლ
"Thorne, Phytoprofen, 60 Capsules",93.14ლ
"Mason Natural, Whole Herb Ginger, 500 mg, 60 Capsules",13.99ლ
"Swanson, Mullein Leaf Liquid Extract, Alcohol & Sugar Free, 1 fl oz (29.6 ml)",27.53ლ
"New Chapter, Concentrated Superfood Ginger, 30 Vegetarian Capsules",52.42ლ
"MegaFood, Women's Multi, Tangerine, 60 Gummies",44.55ლ
"Mason Natural, Fast Absorption Calcium, 600 mg, 60 Softgels",24.96ლ
"Zahler, Bioactive B-Complex, 120 Timed Release Tablets",88.68ლ
"Zahler, B12 Energizer, B12 and Folic Acid Formula, Natural Cherry, 180 Lozenges",69.61ლ
"Natural Vitality, Calm, Sleep, Blueberry Pomegranate, 120 Gummies",68.21ლ
"Garden of Life, Vitamin Code Gummies, Prenatal Multi with Iron & Folate, Cherry Lemonade, 90 Gummies",59.06ლ
"EVLution Nutrition, ENGN Shred, Pre-Workout Engine Shred, Cherry Limeade, 8.8 oz (249 g)",62.25ლ
"Real Mushrooms, RealClarity, Mushrooms + Herbs, 60 Capsules",79.23ლ
"Gaia Herbs, Sleep, 40 Gummies",43.11ლ
"NaturesPlus, Ultra Probiotics, 40 Billion, 30 Capsules",65.29ლ
"NaturesPlus, Spiru-Tein, Protein Powder Meal, Vanilla, 1.06 lbs (480 g)",66.23ლ
"SteelFit, Steel Suppress, Appetite Suppressant, 90 Capsules",104.60ლ
"Nutrex Research, Black Series, L-Arginine 1000, 120 Capsules",47.42ლ
"Live Conscious, Beyond Collagen,  With Biotin & Vitamin C, 15 oz (427 g)",138.48ლ
"Mason Natural, Healthy Kids Melatonin, Ages 4 & Up, Fruity, 60 Tablets",17.87ლ
"NutraChamps, Hairflair, Natural Mixed Berry, 60 Gummy Bears",43.73ლ
"New Chapter, Turmeric & Black Seed Blend, 60 Vegetarian Capsules",118.67ლ
"Fungi Perfecti Host Defense, Mushrooms, MycoBotanicals, Energy, 60 Capsules",84.69ლ
"RSP Nutrition, Fast Fuel, Pre-Workout Formula, Miami Vice Coconut Colada, 11.64 oz (330 g)",48.81ლ
"Mason Natural, Calcium With Vitamin D3, Fast Absorption, 60 Softgels",21.48ლ
"NOW Foods, Probiotic-10 Powder, 50 Billion, 2 oz (57 g)",63.27ლ
"Estroven, Mood Boost, Menopause Relief, 30 Caplets",51.08ლ
"Swanson, Age Related Eye Support, 60 Softgels",43.18ლ
"Penetrex, Artritis Pain Relief, 2 oz (57 g)",49.90ლ
"EHPlabs, Oxyrem for Women, 60 Capsules",94.63ლ
"Perfect Sports, iLean, Orange Gummy Bears, 5.3 oz (150 g)",34.17ლ
"Mason Natural, Glucosamine Chondroitin, 280 Capsules",146.50ლ
"Deva, Vegan Liversup, 675 mg , 90 Tablets",31.44ლ
"SmartyPants, Kids Sleep, Sugar Free, 4+ Years, Watermelon, 25 Gummies",39.55ლ
"Nordic Naturals, Children's DHA, Ages 3+, Berry Lemonade, 375 mg, 120 Mini Chewable Soft Gels",59.77ლ
"Renew Life, Probiotics, Healthy Weight Support, 60 Vegetarian Capsules",106.60ლ
"MRM Nutrition, 5-HTP, 50 mg, 30 Vegan Capsules",19.53ლ
"Swanson, Ginger Root Extract, 60 Veggie Capsules",23.84ლ
"Swanson, Yohimbe, Standardized, 500 mg, 120 Capsules",32.05ლ
"Irwin Naturals, Collagen Peptides + Astaxanthin, Type I, II & III, 60 Liquid Soft-Gels",84.52ლ
"Nutrex Research, Outlift, Clinically Dosed Pre-Workout Powerhouse, Blackberry Lemonade, 18 oz (510 g)",119.50ლ
"Zahler, Diabetter, Advanced Glucose Support, 120 Capsules",131.25ლ
"Zahler, Vitamin D3, Orange , 50 mcg (2,000 IU), 120 Chewable Tablets",39.12ლ
"Nordic Naturals, Nordic Flora Digestive Enzymes, 45 Capsules",75.22ლ
"Maximum Human Performance, LLC, T-Bomb 3Xtreme, 168 Capsules",119.68ლ
"MuscleMeds, Vitamin T, Testosterone Boosting Multi-Vitamin For Men, 90 Tablets",53.65ლ
"Nature's Way, FlexMax, Glucosamine Chondroitin, 80 Tablets",61.79ლ
"Jarrow Formulas, Probiotic Duo, Raspberry, 3 Billion, 50 Gummies",43.70ლ
"Organika, Marine Collagen Powder , 8.82 oz (250 g)",133.25ლ
"ALLMAX, Ashwagandha KSM-66, 300 mg, 60 Veggie Caps",41.97ლ
"Deva, Vegan Colon Assist, 600 mg , 90 Tablets",32.08ლ
"EVLution Nutrition, ENGN, Pre-Workout Engine, Blue Raz, 11 oz (312 g)",63.04ლ
"Irwin Naturals, Active-Male, L-Arginine Max3 + Horny Goat Weed, 75 Liquid Soft-Gels",70.53ლ
"Nature's Way, Sambucus Relief, Cough Syrup, 8 fl oz (240 ml)",77.25ლ
"NB Pure, Vitamin D3, 2 fl oz",43.02ლ
"Macrolife Naturals, Macro Coco Greens, Superfood for Kids, 7.1 oz (202 g)",74.06ლ
"NaturesPlus, Ultra EPO 1500, Evening Primrose Oil, 90 Softgels",84.05ლ
"SmartyPants, Sugar Free Prenatal Multi & Omegas, Lemon, 60 Gummies",62.91ლ
"Codeage, Liposomal L-Carnitine+, 90 Capsules",82.07ლ
"Force Factor, Test X180 V2 , Total Testosterone Booster, 90 Tablets",129.71ლ
"Swanson, Black Cohosh, 40 mg, 120 Capsules",40.40ლ
"GAT, NITRAFLEX + Creatine, Blue Raspberry, 16.2 oz (459 g)",113.00ლ
"GAT, Pumptropic, Pineapple Orange Guava, 8.9 oz (253.4 g )",100.87ლ
"Olympian Labs, Vitamin C, 1,000 mg, 100 Tablet",48.02ლ
"Live Conscious, Beyond Collagen, With Biotin & Vitamin C, 1,300 mg, 90 Capsules",87.45ლ
"FITCODE, L-Arginine, Extra Strength, 750 mg, 100 Capsules",30.63ლ
"Doctor's Finest, Standardized Elderberry, Vitamin C & Zinc, Berry, 90 Gummies",37.09ლ
"Mason Natural, Beta Carotene, 25,000 IU (7500 mcg), 100 Softgels",21.12ლ
"Zahler, Mighty Mini Prenatal + DHA, 100 mg, 90 Softgels",104.97ლ
"GAT, L-Carnitine, Amino Acid, Lemon Blast, 1,500 mg, 16 oz (473 ml)",59.99ლ
"Zahler, BioDophilus100, Advanced Probiotic Formula, 100 Billion CFUs, 30 Capsules",140.50ლ
"Fit & Lean, Collagen + Probiotics, Unflavored, 12.64 oz (358.2 g)",73.26ლ
"Nordic Naturals, Complete Omega, Lemon, 60 Soft Gels",44.64ლ
"Terry Naturally, CuraMed, Superior Absorption Curcumin, 500 mg, 60 Capsules",112.50ლ
"Natures Craft, Water Away, Maximum Strength, 60 Capsules",31.58ლ
"Swanson, Hydrolyzed Collagen Peptides + Vitamin C , 1,000 mg, 250 Tablets",48.70ლ
"Optimum Nutrition, Gold Standard Pre Advanced, Berry Blast, 14.1 oz (400 g)",136.53ლ
"Organika, Organic Spirulina Blue-Green Algae, 17.64 oz (500 g)",154.82ლ
"Mason Natural, Daily Bladder Comfort, 60 Capsules",29.72ლ
"Zahler, B12 Energizer, B12 and Folic Acid, Natural Cherry, 90 Lozenges",38.45ლ
"Dr. Mercola, Wild-Caught Marine Collagen, Unflavored, 15 Packets",124.96ლ
"MuscleMeds, Feast Mode, Appetite Stimulating Complex, 90 Capsules",61.46ლ
"Irwin Naturals, L-Arginine + Horny Goat Weed, 75 Liquid Soft-Gels",76.28ლ
"Coromega, Turmeric Max, Turmeric, 1,000 mg, 30 Individual Squeeze Packets, 10 g Each",119.46ლ
"NaturesPlus, Spiru-Tein Protein Powder Meal, Strawberry, 1.2 lbs (544 g)",67.19ლ
"Codeage, Vitamin D3 Gummies, Strawberry, 60 Gummies",48.54ლ
"Renew Life, Probiotics, Daily Balance, 60 Vegetarian Capsules",106.60ლ
"Nutrex Research, Outlift, Clinically Dosed Pre-Workout Powerhouse, Gummy Bear, 17.6 oz (500 g)",119.50ლ
"Nutrex Research, Outlift, Clinically Dosed Pre-Workout Powerhouse, Italian Ice, 17.7 oz (502 g)",119.50ლ
"Mason Natural, Glucosamine Complex + MSM, 90 Capsules",42.01ლ
"Mason Natural, Saw Palmetto, Standardized Extract, 60 Softgels",32.33ლ
"New Nordic US Inc, Ashwagandha Vegan Gummies, Mango and Peach, 60 Gummies",71.53ლ
"Controlled Labs, Orange Beat, 90 Tablets",98.90ლ
"Live Conscious, Movewell+, 30 Softgels",101.58ლ
"Zahler, Total One Prenatal, Essential Once-Daily Prenatal, 90 Capsules",55.28ლ
"Fungi Perfecti Host Defense, Host Defense Mushrooms, Breath, Healthy Respiratory Support, 30 Capsules",48.48ლ
"Zahler, 120/80, Cardiovascular Support Formula, 60 Capsules",121.82ლ
"Zahler, Flaxseed Oil, 1,000 mg, 90 Softgels",33.44ლ
"GAT, JETFUEL Original, 144 Oil Infused Capsules",71.69ლ
"MegaFood, Women’s One Daily, 60 Tablets",103.07ლ
"Terry Naturally, Cortisol Rescue, 60 Capsules",53.21ლ
"Swanson, Acetyl L-Carnitine HCl, 500 mg, 120 Veggie Capsules",121.03ლ
"Swanson, Passion Flower Liquid Extract, Alcohol & Sugar Free, 1 fl oz (29.6 ml)",25.88ლ
"Doctor's Finest, Vitamin C , Orange, 250 mg , 90 Gummies",32.65ლ
"Zahler, PureWay-C, Vitmain C and Bioflavonoids, 1,000+ mg, 180 Tablets",90.95ლ
"Zahler, SynerG, Advanced Glucosamine Sulfate, 120 Capsules",105.39ლ
"Nervive, Nerve Health, 30 Tablets",73.46ლ
"Protocol for Life Balance, Ocu Support, Clinical Strength, 90 Veg Capsules",58.76ლ
"LifeSeasons, Digestivi-T, Enzymes + Probiotics, 90 Veg Capsules",82.71ლ
"MuscleMeds, Carnivor Shred, Hydrolyzed Protein, Chocolate, 4.35 lbs (1,977 g)",200.44ლ
"Nature's Way, Sambucus Relief, Cough Syrup, For Kids, Ages 1+, 8 fl oz (240 ml)",73.80ლ
"Gaia Herbs, Relax, 45 Gummies",43.11ლ
"LIPO-FLAVONOID, Advanced Hearing Support, 40 Caplets",83.13ლ
"NaturesPlus, High Potency Super B-50, 90 Capsules",37.83ლ
"NaturesPlus, Sustained Release Mega B-150, 60 Tablets",54.99ლ
"NaturesPlus, Pedi-Active, Mixed Berry, 60 Chewable Tablets",44.63ლ
"NaturesPlus, Ultra Prenatal Multivitamin, 90 Tablets",49.23ლ
"NaturesPlus, Animal Parade, Children's Chewable Multivitamin, Orange, 90 Animal-Shaped Tablets",32.48ლ
"Fungies, Cordyceps Mushroom Gummies, Mango and Pineapple, 60 Pectin Gummies",50.04ლ
"SteelFit, Steel Slim Weight Loss Solution, 90 Capsules",104.60ლ
"Codeage, Vitamins, Elderberry+ Immune Complex, Blueberry & Raspberry, 4 fl oz (120 ml)",72.81ლ
"Codeage, Immuno Colostrum, 180 Capsules",117.52ლ
"Codeage, Vitamins, Clearface, 90 Capsules",65.66ლ
"Renew Life, Probiotics, Occasional Constipation Support, 20 Billion CFU, 60 Vegetarian Capsules",106.60ლ
"Nutrex Research, Alpha-T Premium, 60 Capsules",75.05ლ
"Force Factor, Test X180 Ignite V2, Total Testosterone Booster & Fat Burner, 120 Tablets",130.53ლ
"Swanson, Organic Flaxseed Oil, 16 fl oz (473 ml)",59.53ლ
"Asutra, Spray Pain Away, Pain Relieving Spray, 4 fl oz (118 ml)",37.87ლ
"Mason Natural, Blood Sugar Balance, 30 Tablets",28.26ლ
"Mason Natural, Glucosamine & Fish Oil, 90 Softgels",45.09ლ
"InnovixLabs, Vitamin D3 + K2 , 60 Capsules",65.63ლ
"GAT, NITRAFLEX, Blood Orange, 10.8 oz (306 g)",101.19ლ
"GAT, NITRAFLEX Burn, Apple Melon, 7.6 oz (215.7 g)",99.91ლ
"GAT, L-Carnitine, Amino Acid, Cherry Blast, 1,500 mg, 16 oz (473 ml)",59.99ლ
"MaryRuth Organics, Organic Kids, Vitamin C Liquid Drops, 4-13 Years, Orange Vanilla, 2 fl oz (60 ml)",40.47ლ
"Mason Natural, Cinnamon, 500 mg, 100 Capsules",19.62ლ
"ALLMAX, CLA95, 90 Softgels",56.48ლ
"New Chapter, Turmeric Force, Detox Action, 60 Vegetarian Capsules",107.73ლ
"Zahler, Lactivate, Advanced Lactation Liquid Formula, 16 fl oz (473 ml)",155.49ლ
"New Chapter, Turmeric Force, Nighttime, 60 Vegetarian Capsules",89.43ლ
"Fit & Lean, Fat Burning Meal Replacement, Cookies & Cream, 1.0 lb (450 g)",67.94ლ
"Fit & Lean, Fat Burning Meal Replacement, Vanilla Ice Cream, 0.97 lb (440 g)",67.81ლ
"Maximum Human Performance, LLC, Hyper Crush, Pre-Workout, Blue Ice, 1.03 lbs (466.5 g)",103.84ლ
"Mason Natural, Niacin, Flush Free, 500 mg, 60 Capsules",24.08ლ
"Nature's Way, CranRx, Women's Care with Probiotics, 60 Capsules",71.46ლ
"Zahler, ImmunAbreve, Complete Immune System Support, 180 Capsules",89.23ლ
"Zahler, PowerCal, Comprehensive Calcium Formula, 250 mg, 180 Tablets",63.92ლ
"Zahler, Magnesium, Bioactive Magnesium Citrate, 200 mg, 120 Capsules",53.55ლ
"NaturesPlus, High Potency Super B-50, 60 Capsules",26.20ლ
"Protocol for Life Balance, E.N.T. Biotic, 1 Billion, 60 Lozenges",48.94ლ
"Swanson, Cran-Max, 500 mg, 120 Veggie Capsules",65.99ლ
"Swanson WIO, Happy Mind, Happy Gut, 30 Vegetarian Capsules",49.69ლ
"Organika, Enhanced Collagen, Chocolate, 17.78 oz (504 g)",155.33ლ
"New Chapter, Vitamin D3+, Strength Support, Mixed Berry, 60 Flavored Gummies",49.26ლ
"American Biotech Labs, Silver Biotics, Elderberry Zinc Silver Lozenges, 21 Lozenges, 2.8 oz (79.8 g)",33.70ლ
"EHPlabs, Oxyrem for Men, 90 Capsules",94.80ლ
"Doctor's Finest, Kids Melatonin, Age 3+, Berry, 120 Chewable Tablets",38.31ლ
"Mason Natural, Standardized Extract, St. John's Wort, 60 Capsules",17.99ლ
"Chapter One, M is For Magnesium, Raspberry, 120 Gummies",85.04ლ
"Dr. Mercola, Organic Vitamin C, Acerola Cherry, 166 mg, 270 Capsules",299.40ლ
"Dr. Mercola, Biothin, Wildcrafted Apple Extract, 60 Capsules",78.62ლ
"MuscleMeds, Carnivor Shred, Hydrolyzed Protein, Vanilla Caramel, 3.8 lbs (1,736 g)",196.16ლ
"Nature's Way, Sambucus Relief, Immune Support, Elderberry + South African Geranium, 60 Gummies",64.80ლ
"NaturesPlus, Sustained Release Ultra Cranberry, 1,000 mg, 180 Tablets",79.79ლ
"NaturesPlus, Sugar Control, Dieter's Companion, 60 Capsules",35.97ლ
"NaturesPlus, Liquid Vitamin C, Natural Orange, 1000 mg, 8 fl oz (236.56 ml)",20.96ლ
"NaturesPlus, BrainCeutix Restore, 60 Capsules",73.32ლ
"Pre-Kaged Elite, Orange Mango, 1.57 lb (714 g)",158.53ლ
"Codeage, Liposomal CoQ10 Max, Centurion, 60 Capsules",116.06ლ
"Codeage, Calcium Pro+, 120 Capsules",71.21ლ
"MRM Nutrition, Glucosamine Chondroitin, 90 Capsules",48.97ლ
"Swanson, Odor-Controlled Garlic, 500 mg , 250 Tablets",74.63ლ
"Mason Natural, Liver Detox, 30 Tablets",28.26ლ
"New Nordic US Inc, Blue Berry Strong, 120 Tablets",111.61ლ
"GAT, NITRAFLEX Burn, Blue Raspberry, 7.23 oz (204.9 g)",99.59ლ
"GAT, PMP, Pre-Workout, Peak Muscle Performance, Fruit Punch, 8.6 oz (243 g)",95.44ლ
"GAT, L-Carnitine, Amino Acid, Sour Gummy, 1,500 mg, 16 oz (473 ml)",59.99ლ
"GAT, Sport, Nitraflex Advanced, Green Apple, 5.03 oz (142.5 g)",56.76ლ
